"BehaviorSpace results (NetLogo 7.0.3)","Table version 2.0"
"sheepherding.nlogox"
"D3_N250_R2.5"
"03/21/2026 20:27:19:886 +0100"
"min-pxcor","max-pxcor","min-pycor","max-pycor"
"-50","50","-35","35"
"[run number]","nb-sheep","nb-dogs","n-topological","W-global-cohesion","R-repulsion","W-neigh-fleeing-cohesion","W-neigh-grazing-cohesion","vision-range","see-centroid","use-density-gradient?","with-exit?","[step]","ticks","done?","current-phase","ticks-to-success","holding-time","sheep-in-zone","sheep-captured-count","dogs-distance","lost-sheep","flock-spreadness","mean-spreadness"
"8","250","3","7","0.75","2.5","1.5","0.5","30","false","true","true","1838","1838","true","exiting","1837","0","0","250","4835.09052552498","0","0","23.38513634238505"
"7","250","3","7","0.75","2.5","1.5","0.5","30","false","true","true","1827","1827","true","exiting","1826","0","0","250","5074.138820981707","0","0","24.83994636723216"
"10","250","3","7","0.75","2.5","1.5","0.5","30","false","true","true","2226","2226","true","exiting","2225","0","0","250","5951.545981597086","0","0","22.948877628921387"
"5","250","3","7","0.75","2.5","1.5","0.5","30","false","true","true","3337","3337","true","exiting","3336","0","0","250","7715.409004295094","0","0","17.972276719447255"
"2","250","3","7","0.75","2.5","1.5","0.5","30","false","true","true","2891","2891","true","exiting","2890","0","0","250","7515.969328403575","0","0","22.341528984874977"
"3","250","3","7","0.75","2.5","1.5","0.5","30","false","true","true","2956","2956","true","exiting","2955","0","0","250","7500.558270257408","0","0","22.66932863398637"
"4","250","3","7","0.75","2.5","1.5","0.5","30","false","true","true","2907","2907","true","exiting","2906","0","0","250","7290.095511733965","0","0","19.128933085699778"
"6","250","3","7","0.75","2.5","1.5","0.5","30","false","true","true","3307","3307","true","exiting","3306","0","0","250","8663.501201237732","0","0","28.511055722507333"
"12","250","3","7","0.75","2.5","1.5","0.5","30","false","true","true","1807","1807","true","exiting","1806","0","0","250","4888.217239066307","0","0","23.2863425659718"
"9","250","3","7","0.75","2.5","1.5","0.5","30","false","true","true","3616","3616","true","exiting","3615","0","0","250","9160.133676604366","0","0","20.273691668340234"
"1","250","3","7","0.75","2.5","1.5","0.5","30","false","true","true","3727","3727","true","exiting","3726","0","0","250","9200.742747273558","0","0","16.780246357024712"
"11","250","3","7","0.75","2.5","1.5","0.5","30","false","true","true","2346","2346","true","exiting","2345","0","0","250","6084.603793676017","0","0","23.867343163869563"
"14","250","3","7","0.75","2.5","1.5","0.5","30","false","true","true","2041","2041","true","exiting","2040","0","0","250","5324.814833183637","0","0","22.142100897255737"
"13","250","3","7","0.75","2.5","1.5","0.5","30","false","true","true","2763","2763","true","exiting","2762","0","0","250","7058.073120901132","0","0","19.94746135179788"
"17","250","3","7","0.75","2.5","1.5","0.5","30","false","true","true","2435","2435","true","exiting","2434","0","0","250","6587.644747956008","0","0","25.286565782622695"
"19","250","3","7","0.75","2.5","1.5","0.5","30","false","true","true","2126","2126","true","exiting","2125","0","0","250","5748.767298944967","0","0","25.47993025358276"
"18","250","3","7","0.75","2.5","1.5","0.5","30","false","true","true","2292","2292","true","exiting","2291","0","0","250","5811.157893591303","0","0","19.636529344470844"
"23","250","3","7","0.75","2.5","1.5","0.5","30","false","true","true","2096","2096","true","exiting","2095","0","0","250","5729.449098988342","0","0","25.77796264184077"
"16","250","3","7","0.75","2.5","1.5","0.5","30","false","true","true","3655","3655","true","exiting","3654","0","0","250","9595.926119153457","0","0","24.184211649478907"
"15","250","3","7","0.75","2.5","1.5","0.5","30","false","true","true","3687","3687","true","exiting","3686","0","0","250","9268.205889033678","0","0","16.453409820041575"
"22","250","3","7","0.75","2.5","1.5","0.5","30","false","true","true","3915","3915","true","exiting","3914","0","0","250","9777.512256181044","0","0","20.76080772385459"
"21","250","3","7","0.75","2.5","1.5","0.5","30","false","true","true","3606","3606","true","exiting","3605","0","0","250","9372.839313489234","0","0","20.27798545841138"
"25","250","3","7","0.75","2.5","1.5","0.5","30","false","true","true","2807","2807","true","exiting","2806","0","0","250","7253.863028169001","0","0","18.090042303775505"
"20","250","3","7","0.75","2.5","1.5","0.5","30","false","true","true","4531","4531","true","exiting","4530","0","0","250","11329.948173841449","0","0","17.918496271954826"
"26","250","3","7","0.75","2.5","1.5","0.5","30","false","true","true","2777","2777","true","exiting","2776","0","0","250","7306.82201433698","0","0","20.4596488110033"
"24","250","3","7","0.75","2.5","1.5","0.5","30","false","true","true","3789","3789","true","exiting","3788","0","0","250","9556.646714269593","0","0","18.797540159805656"
"30","250","3","7","0.75","2.5","1.5","0.5","30","false","true","true","1891","1891","true","exiting","1890","0","0","250","5141.354677407601","0","0","27.288910966015614"
"29","250","3","7","0.75","2.5","1.5","0.5","30","false","true","true","2509","2509","true","exiting","2508","0","0","250","6687.19235429169","0","0","23.451122774005587"
"28","250","3","7","0.75","2.5","1.5","0.5","30","false","true","true","2745","2745","true","exiting","2744","0","0","250","7121.099149242345","0","0","22.304854030323792"
"27","250","3","7","0.75","2.5","1.5","0.5","30","false","true","true","3069","3069","true","exiting","3068","0","0","250","7783.818485941836","0","0","17.650142315916572"
"31","250","3","7","0.75","2.5","1.5","0.5","30","false","true","true","2561","2561","true","exiting","2560","0","0","250","6697.981026377015","0","0","22.749167649187648"
"34","250","3","7","0.75","2.5","1.5","0.5","30","false","true","true","1978","1978","true","exiting","1977","0","0","250","5294.634747637254","0","0","22.14284194043892"
"33","250","3","7","0.75","2.5","1.5","0.5","30","false","true","true","2133","2133","true","exiting","2132","0","0","250","5638.944902859563","0","0","22.483659724872858"
"32","250","3","7","0.75","2.5","1.5","0.5","30","false","true","true","3400","3400","true","exiting","3399","0","0","250","8862.026938328092","0","0","24.619775554123276"
"37","250","3","7","0.75","2.5","1.5","0.5","30","false","true","true","2003","2003","true","exiting","2002","0","0","250","5176.404927510406","0","0","23.93813200335864"
"38","250","3","7","0.75","2.5","1.5","0.5","30","false","true","true","2022","2022","true","exiting","2021","0","0","250","5401.255994053712","0","0","23.58098509958806"
"35","250","3","7","0.75","2.5","1.5","0.5","30","false","true","true","2766","2766","true","exiting","2765","0","0","250","7484.946409587677","0","0","24.611398309870932"
"39","250","3","7","0.75","2.5","1.5","0.5","30","false","true","true","2404","2404","true","exiting","2403","0","0","250","6402.657603931437","0","0","22.63313456414761"
"40","250","3","7","0.75","2.5","1.5","0.5","30","false","true","true","2475","2475","true","exiting","2474","0","0","250","6375.249630205643","0","0","21.451438588395142"
"41","250","3","7","0.75","2.5","1.5","0.5","30","false","true","true","1996","1996","true","exiting","1995","0","0","250","5442.267808283278","0","0","27.061714487748763"
"43","250","3","7","0.75","2.5","1.5","0.5","30","false","true","true","1715","1715","true","exiting","1714","0","0","250","4661.914088769207","0","0","25.10798524781234"
"36","250","3","7","0.75","2.5","1.5","0.5","30","false","true","true","2915","2915","true","exiting","2914","0","0","250","7546.9776577606835","0","0","18.071813983928834"
"44","250","3","7","0.75","2.5","1.5","0.5","30","false","true","true","1791","1791","true","exiting","1790","0","0","250","4884.387950413554","0","0","25.097806056081815"
"42","250","3","7","0.75","2.5","1.5","0.5","30","false","true","true","2266","2266","true","exiting","2265","0","0","250","5926.096715559594","0","0","21.526209671384212"
"46","250","3","7","0.75","2.5","1.5","0.5","30","false","true","true","2879","2879","true","exiting","2878","0","0","250","6989.360227138666","0","0","18.816463299848884"
"51","250","3","7","0.75","2.5","1.5","0.5","30","false","true","true","1795","1795","true","exiting","1794","0","0","250","4746.064515026109","0","0","20.222327866550096"
"53","250","3","7","0.75","2.5","1.5","0.5","30","false","true","true","1725","1725","true","exiting","1724","0","0","250","4735.086528047559","0","0","22.512695605284733"
"50","250","3","7","0.75","2.5","1.5","0.5","30","false","true","true","2159","2159","true","exiting","2158","0","0","250","5935.446624776855","0","0","27.47430169505992"
"49","250","3","7","0.75","2.5","1.5","0.5","30","false","true","true","2213","2213","true","exiting","2212","0","0","250","5833.7188619092885","0","0","23.11185775435944"
"45","250","3","7","0.75","2.5","1.5","0.5","30","false","true","true","3102","3102","true","exiting","3101","0","0","250","7967.1618021922295","0","0","19.383816834916857"
"47","250","3","7","0.75","2.5","1.5","0.5","30","false","true","true","2568","2568","true","exiting","2567","0","0","250","6708.628778812239","0","0","19.71916270693554"
"54","250","3","7","0.75","2.5","1.5","0.5","30","false","true","true","2310","2310","true","exiting","2309","0","0","250","6140.092364910588","0","0","23.3151280765026"
"55","250","3","7","0.75","2.5","1.5","0.5","30","false","true","true","2201","2201","true","exiting","2200","0","0","250","5843.724929512382","0","0","25.91355876659317"
"58","250","3","7","0.75","2.5","1.5","0.5","30","false","true","true","2186","2186","true","exiting","2185","0","0","250","5249.316138786337","0","0","17.504760296707023"
"52","250","3","7","0.75","2.5","1.5","0.5","30","false","true","true","4083","4083","true","exiting","4082","0","0","250","10286.023775836584","0","0","19.74555500872784"
"61","250","3","7","0.75","2.5","1.5","0.5","30","false","true","true","1973","1973","true","exiting","1972","0","0","250","5450.386312728951","0","0","24.75052349200724"
"56","250","3","7","0.75","2.5","1.5","0.5","30","false","true","true","2249","2249","true","exiting","2248","0","0","250","5971.749665728728","0","0","20.475758763761743"
"57","250","3","7","0.75","2.5","1.5","0.5","30","false","true","true","2447","2447","true","exiting","2446","0","0","250","6376.741550112256","0","0","24.8909379866162"
"62","250","3","7","0.75","2.5","1.5","0.5","30","false","true","true","2218","2218","true","exiting","2217","0","0","250","6054.347255933961","0","0","26.21876416779549"
"59","250","3","7","0.75","2.5","1.5","0.5","30","false","true","true","2805","2805","true","exiting","2804","0","0","250","7298.561766169836","0","0","23.460766577257886"
"60","250","3","7","0.75","2.5","1.5","0.5","30","false","true","true","2954","2954","true","exiting","2953","0","0","250","7728.021223408746","0","0","28.329344492612485"
"48","250","3","7","0.75","2.5","1.5","0.5","30","false","true","true","5251","5251","true","exiting","5250","0","0","250","12960.590173785798","0","0","16.49226714491853"
"64","250","3","7","0.75","2.5","1.5","0.5","30","false","true","true","2389","2389","true","exiting","2388","0","0","250","6296.103279673947","0","0","22.840661780070104"
"68","250","3","7","0.75","2.5","1.5","0.5","30","false","true","true","2021","2021","true","exiting","2020","0","0","250","5378.4324985856765","0","0","22.4723209260525"
"69","250","3","7","0.75","2.5","1.5","0.5","30","false","true","true","1734","1734","true","exiting","1733","0","0","250","4716.21607223655","0","0","24.04509967452438"
"67","250","3","7","0.75","2.5","1.5","0.5","30","false","true","true","2372","2372","true","exiting","2371","0","0","250","6036.051493336076","0","0","21.470028489776922"
"66","250","3","7","0.75","2.5","1.5","0.5","30","false","true","true","3154","3154","true","exiting","3153","0","0","250","8360.366950901123","0","0","21.742828083296676"
"63","250","3","7","0.75","2.5","1.5","0.5","30","false","true","true","3502","3502","true","exiting","3501","0","0","250","8492.373407107678","0","0","17.84207759711139"
"65","250","3","7","0.75","2.5","1.5","0.5","30","false","true","true","3641","3641","true","exiting","3640","0","0","250","8969.582397357222","0","0","16.964929498423803"
"72","250","3","7","0.75","2.5","1.5","0.5","30","false","true","true","1943","1943","true","exiting","1942","0","0","250","5297.126391703956","0","0","23.909856150902815"
"71","250","3","7","0.75","2.5","1.5","0.5","30","false","true","true","3183","3183","true","exiting","3182","0","0","250","7678.233125773726","0","0","18.43849537943953"
"73","250","3","7","0.75","2.5","1.5","0.5","30","false","true","true","2079","2079","true","exiting","2078","0","0","250","5529.39029528781","0","0","24.644602087208977"
"70","250","3","7","0.75","2.5","1.5","0.5","30","false","true","true","3215","3215","true","exiting","3214","0","0","250","8002.764390396239","0","0","17.30780733599965"
"76","250","3","7","0.75","2.5","1.5","0.5","30","false","true","true","2444","2444","true","exiting","2443","0","0","250","6398.635554729395","0","0","24.96100311935084"
"77","250","3","7","0.75","2.5","1.5","0.5","30","false","true","true","1614","1614","true","exiting","1613","0","0","250","4512.060838689971","0","0","30.771416567002344"
"75","250","3","7","0.75","2.5","1.5","0.5","30","false","true","true","2523","2523","true","exiting","2522","0","0","250","6625.471300575373","0","0","22.292624017563217"
"74","250","3","7","0.75","2.5","1.5","0.5","30","false","true","true","2918","2918","true","exiting","2917","0","0","250","7496.382176191138","0","0","18.906652583980467"
"78","250","3","7","0.75","2.5","1.5","0.5","30","false","true","true","2378","2378","true","exiting","2377","0","0","250","6168.428420558568","0","0","22.48092636705982"
"81","250","3","7","0.75","2.5","1.5","0.5","30","false","true","true","1727","1727","true","exiting","1726","0","0","250","4672.300678341613","0","0","24.93766645010737"
"79","250","3","7","0.75","2.5","1.5","0.5","30","false","true","true","2291","2291","true","exiting","2290","0","0","250","6092.977625924868","0","0","20.60926512474081"
"83","250","3","7","0.75","2.5","1.5","0.5","30","false","true","true","1744","1744","true","exiting","1743","0","0","250","4827.638124608989","0","0","22.008635046626708"
"80","250","3","7","0.75","2.5","1.5","0.5","30","false","true","true","2506","2506","true","exiting","2505","0","0","250","6532.3291585419065","0","0","22.33996208844625"
"82","250","3","7","0.75","2.5","1.5","0.5","30","false","true","true","2756","2756","true","exiting","2755","0","0","250","7097.8603214196955","0","0","19.2705961053474"
"87","250","3","7","0.75","2.5","1.5","0.5","30","false","true","true","1983","1983","true","exiting","1982","0","0","250","5353.352665410397","0","0","22.137362343187977"
"89","250","3","7","0.75","2.5","1.5","0.5","30","false","true","true","2079","2079","true","exiting","2078","0","0","250","5707.382849463137","0","0","28.765783188839876"
"91","250","3","7","0.75","2.5","1.5","0.5","30","false","true","true","1985","1985","true","exiting","1984","0","0","250","5335.886294909412","0","0","24.22714335955618"
"85","250","3","7","0.75","2.5","1.5","0.5","30","false","true","true","3164","3164","true","exiting","3163","0","0","250","7968.580250116031","0","0","18.431276849635815"
"84","250","3","7","0.75","2.5","1.5","0.5","30","false","true","true","3638","3638","true","exiting","3637","0","0","250","9106.0816751173","0","0","17.070652583601085"
"90","250","3","7","0.75","2.5","1.5","0.5","30","false","true","true","2668","2668","true","exiting","2667","0","0","250","7023.718418942529","0","0","23.449687936176566"
"94","250","3","7","0.75","2.5","1.5","0.5","30","false","true","true","2256","2256","true","exiting","2255","0","0","250","6044.769560870226","0","0","24.841789330960356"
"95","250","3","7","0.75","2.5","1.5","0.5","30","false","true","true","1743","1743","true","exiting","1742","0","0","250","4740.769508398995","0","0","24.578750462367516"
"92","250","3","7","0.75","2.5","1.5","0.5","30","false","true","true","3185","3185","true","exiting","3184","0","0","250","8124.66376621809","0","0","22.44162686312766"
"86","250","3","7","0.75","2.5","1.5","0.5","30","false","true","true","3999","3999","true","exiting","3998","0","0","250","9896.00253253474","0","0","16.61470736937356"
"88","250","3","7","0.75","2.5","1.5","0.5","30","false","true","true","3721","3721","true","exiting","3720","0","0","250","9513.965649522204","0","0","18.591614895334335"
"96","250","3","7","0.75","2.5","1.5","0.5","30","false","true","true","2041","2041","true","exiting","2040","0","0","250","5281.971751045099","0","0","22.945633725803255"
"93","250","3","7","0.75","2.5","1.5","0.5","30","false","true","true","2777","2777","true","exiting","2776","0","0","250","7200.357364900546","0","0","19.22365303585472"
"97","250","3","7","0.75","2.5","1.5","0.5","30","false","true","true","2957","2957","true","exiting","2956","0","0","250","7524.39628548195","0","0","18.350977386956988"
"98","250","3","7","0.75","2.5","1.5","0.5","30","false","true","true","3149","3149","true","exiting","3148","0","0","250","8089.055956995284","0","0","22.97132457438016"
"100","250","3","7","0.75","2.5","1.5","0.5","30","false","true","true","2441","2441","true","exiting","2440","0","0","250","6314.8852180121885","0","0","21.62393516777082"
"99","250","3","7","0.75","2.5","1.5","0.5","30","false","true","true","5418","5418","true","exiting","5417","0","0","250","13105.816244121914","0","0","15.601685466768627"
