D,N,ticks,n_obs,mean_abs,median_abs,std,bias,min,max,within_correct,within_1adj
1,5,1091,3390,51.81578171091446,39.1,64.37646735779127,-19.739380530973452,-179.8,179.9,29.882005899705018,56.932153392330385
1,10,913,4824,31.613391376451077,20.05,48.31452393154715,-5.8390961857379775,-178.7,177.3,53.29601990049751,79.39469320066334
1,25,1239,11282,22.284993795426345,16.2,32.02577265741737,-3.629861726644212,-177.9,179.4,66.80553093423151,89.14199609998226
1,50,2196,53587,24.000828559165466,16.4,35.933641067905164,-0.5649616511467334,-178.7,179.9,65.74355720603879,86.9632560135854
1,100,1640,66765,18.299092338800268,14.7,24.660846233507648,1.8425447464989144,-180.0,177.7,71.73069722159813,94.32936418782296
1,150,9990,772408,20.73507369162411,16.0,27.88862811268932,-0.8870366438462575,-179.9,179.9,67.11323549212334,90.03143416432766
1,200,9990,505335,32.41357119534567,29.9,38.998074326219616,-0.3296130289807749,-179.5,178.9,37.74525809611446,73.05173795600938
1,250,9989,498871,36.06624838886206,34.1,42.566525367819125,-2.559807645663909,-175.9,156.3,31.331747084917744,67.26007324538809
1,300,9991,512017,35.14073829579879,33.5,41.55915689986065,0.3464916203954167,-166.1,160.4,32.487397879367286,69.14321204178768
1,350,9988,528012,36.115782974629354,34.6,42.61248719222581,-0.45825663053112425,-150.6,174.3,31.58848662530397,66.95775853579086
1,400,9989,541485,36.87357470659391,35.3,43.668046319922865,-2.190809717720713,-173.8,173.3,30.245343823005257,67.39688080002216
2,5,752,2309,35.83464703334777,25.2,50.727498189755515,-7.44183629276743,-179.5,178.3,46.42702468601126,75.74707665656129
2,10,1219,9743,24.02738376270143,19.2,33.32536164234921,-5.52928256183927,-179.5,179.8,59.52991891614492,89.23329569947654
2,25,1427,17963,25.582681066636972,17.4,37.97319558895043,0.9460390803317927,-179.7,179.5,62.11100595668875,85.28642208985137
2,50,2560,79847,21.167565468959385,15.7,30.76980125779282,-0.2963617919270604,-179.9,179.8,69.13096296667376,90.3553045198943
2,100,1526,76904,19.235738063039634,15.0,26.96364521972047,-0.30503744928742316,-179.8,179.8,71.46702382190784,93.00556538021429
2,150,9993,1289284,16.31105830833239,13.4,22.07439472649636,-0.5047968484833447,-179.9,180.0,78.329289745316,95.86793910418496
2,200,9747,1322752,17.420058181730205,14.1,23.41941931197007,-0.2291002395006774,-180.0,180.0,75.56450491097348,94.04869544706793
2,250,9996,692200,32.522927911008374,30.2,38.957030917123504,0.5822890783010691,-179.4,179.8,37.01531349321006,73.04305114128864
2,300,9993,719416,33.834363011109005,32.1,39.990617038920846,0.06635479333236952,-162.8,175.0,34.22261945800483,70.76934624751186
2,350,9993,747634,34.173891503061675,32.2,40.5671656889324,-1.163504602519415,-179.5,176.8,33.89425842056407,70.36772003413435
2,400,9997,753162,34.325953247774066,32.5,40.666828334679884,-2.289897525366389,-180.0,175.0,33.6981950762253,70.0092410397763
3,5,1233,3079,37.05004871711595,24.8,49.963718418840905,-13.339753166612535,-179.4,175.2,46.70347515427087,73.62780123416694
3,10,1893,10725,38.81575757575758,22.7,55.353642455134555,-7.163468531468531,-180.0,179.6,49.687645687645684,72.38228438228438
3,25,1364,14561,21.84194766842937,15.9,31.142072860349938,-0.23723645354027892,-176.5,174.7,67.85248265915801,89.19717052400247
3,50,1603,43673,21.10488860394294,15.7,30.414442787925246,-0.9898610125249011,-179.6,179.8,67.8313832344927,90.5570947725139
3,100,1613,83404,19.983180662797945,14.6,30.00487337845893,0.8244952280466166,-180.0,180.0,71.98215912905856,91.95722027720493
3,150,2506,251661,17.831419647859622,14.1,24.86937116817572,-0.3963264073495694,-179.8,180.0,75.36606784523624,93.96251306320804
3,200,9998,1717723,16.95134483266511,13.8,22.871996809347387,-0.22904816434314484,-179.9,180.0,76.35625767367614,95.01764836356037
3,250,9994,1628376,19.09735098036327,15.1,25.38171467925865,0.6293148511154655,-180.0,179.9,70.49864404781205,92.01683149346343
3,300,9989,858881,32.452788104522035,30.4,38.50821420227528,0.9867470580907018,-179.6,178.7,36.60542030851771,72.85898744994941
3,350,9994,845217,34.48740773079578,32.4,40.891189653847405,-3.2163055168081085,-179.7,179.8,33.71406396227241,69.90358688952068
3,400,9999,1122619,27.415769375006114,22.6,34.47912700617451,-1.1774438166466095,-179.9,180.0,49.891904555329994,80.40216671907388
4,5,487,931,37.027712137486574,19.0,55.26800649628413,-13.062728249194414,-174.1,173.2,53.383458646616546,73.68421052631578
4,10,1428,9025,28.63945706371191,19.1,42.171753542843746,-4.6044432132964,-179.3,179.7,58.26038781163435,81.45152354570638
4,25,1166,13854,24.13770030316154,16.4,35.249274887140004,-3.010372455608488,-179.9,179.6,64.50844521437851,85.28944709109282
4,50,1347,30357,28.395875745297623,18.9,42.4549179702084,0.9418519616562903,-179.9,180.0,58.24686233817571,83.23945053859076
4,100,2149,156333,17.907650975801655,14.0,25.330897574707784,-0.43702865038091765,-179.8,179.8,75.83747513320924,93.91171409747142
4,150,5154,655952,16.84852961802083,13.7,23.095795678528546,-0.20579173476108004,-179.9,179.8,77.48158401834282,95.08226211674025
4,200,4295,664329,17.420098926887132,13.8,24.026550677063735,-0.9856211304940777,-179.9,180.0,76.27259987144923,94.26263191882336
4,250,9990,938275,30.295144600463626,27.7,36.23740962018156,-5.513531107617703,-179.8,179.8,40.78324585009725,77.4335882337268
4,300,9995,1208821,26.099274086072306,21.1,33.02625768947063,0.4309964833503051,-179.7,179.9,52.853648306904,82.25849815646816
4,350,9996,1093739,29.707670751431568,26.0,36.32126660365792,-2.70592243670565,-179.0,179.6,44.20186168729469,76.8581901166549
4,400,9998,1690161,21.771866999652687,16.9,28.475111045427393,0.1304739015987237,-180.0,179.8,64.45167058049499,87.73986620209554
6,5,525,838,45.16384248210024,33.05,57.25238246771636,2.9636038186157525,-178.2,178.6,34.24821002386635,59.785202863961814
6,10,2053,12902,28.70800651061851,18.1,43.879709453244324,0.035413114245853326,-179.9,179.9,58.711827623624245,82.97938304138893
6,25,1051,8295,38.823254972875226,21.5,58.518168304708475,-4.426871609403255,-179.9,180.0,52.368896925858955,73.10427968655817
6,50,2056,66108,21.832805409330188,15.7,31.83210369077586,-0.28960035094088477,-178.8,179.9,67.51830338234404,89.38706359290858
6,100,1406,95887,15.514201090867378,13.0,21.8228689291133,-0.2440184800859345,-178.8,179.5,83.20835984022861,96.58139268096822
6,150,1978,218764,17.2910158892688,13.9,23.90889905099447,-0.5029300981880017,-180.0,179.8,77.75593790568833,94.47166809895594
6,200,9999,1905542,17.499644877940238,13.9,24.050158246212902,-0.24870671966296212,-180.0,180.0,75.21020266149998,94.33856614023726
6,250,8201,1680329,17.648441406415056,14.1,24.323121616526937,-0.3023581096321019,-179.9,180.0,75.5302086674693,94.10549957776126
6,300,9996,2170723,19.27085915614291,15.1,25.77465027503467,0.17765813510060977,-179.9,180.0,70.20683891956735,91.86782468329676
6,350,9997,1837160,22.54960814518059,17.3,29.506544549298855,-1.261064850094712,-180.0,179.9,63.096845130527555,86.65293169892661
6,400,9998,1214193,33.28747406713759,31.4,39.320487507246604,-1.8085816670002213,-179.6,176.4,35.22850156441357,71.61760939158766
10,5,1022,1722,37.649419279907086,22.3,53.34568412658588,-5.933739837398375,-177.4,177.5,50.29036004645761,70.67363530778165
10,10,866,2871,49.25579937304075,26.7,67.10384386686536,-16.6183908045977,-178.8,179.5,45.87251828631139,62.13862765586904
10,25,2709,53001,24.24621799588687,16.9,36.353864647305954,-0.6079055112167695,-179.9,180.0,66.59874341993547,87.51532989943586
10,50,1620,41109,23.204857817023036,16.0,35.12726220777169,-1.1012600647060253,-179.8,180.0,66.6009876182831,88.93916174073804
10,100,1706,136995,17.983095733420928,13.8,26.223679054621716,-0.15212963976787475,-179.6,178.9,78.43862914704917,93.2282200080295
10,150,1345,132044,16.74055314895035,13.4,23.877447066695385,-0.3590727333313138,-179.7,179.9,81.25170397746206,94.8623186210657
10,200,1923,295309,18.67423139829805,14.2,27.06331994852888,0.2745138143436197,-180.0,180.0,76.3678045708055,92.57557338245702
10,250,9998,2393079,17.79216064325498,14.0,24.38992198212398,-0.17371469976544854,-180.0,180.0,74.49954640026509,93.85853956346615
10,300,9996,2869984,17.377341371937963,13.8,23.718602733248566,-0.05374590938486067,-180.0,180.0,75.5077728656327,94.34787789757712
10,350,4963,1529295,16.90490663998771,13.7,23.027322964995243,0.23090417479949918,-179.9,179.9,77.96984885192197,94.59182172177375
10,400,2754,640067,20.446596996876885,15.8,27.292428117606555,-2.681493343665586,-179.9,180.0,70.8289913399691,89.31861820715645
15,5,2024,8897,35.98634371136338,20.7,52.56557095513195,-4.599314375632236,-179.9,179.5,55.636731482522194,75.44115994155334
15,10,4774,43823,27.108014056545656,17.4,41.44585981270002,-5.228284234306186,-179.7,179.7,68.55988864295006,84.41457682039112
15,25,1045,8396,37.07885898046688,20.5,55.94741686126809,-0.34331824678418305,-179.4,180.0,53.787517865650315,74.97617913292044
15,50,1950,63263,21.642328059055053,15.9,31.485055036262825,-1.3054139070230624,-180.0,179.9,68.36697595751072,90.1174462165879
15,100,1084,77396,15.801815339294018,12.9,22.82610761097668,-1.1918096542456975,-177.8,179.8,84.29634606439609,95.73621375781694
15,150,9999,1476596,19.14648509138587,14.6,27.125571716671622,-0.2444428266093096,-180.0,180.0,72.4484557726013,92.40780822919741
15,200,3683,654366,18.19981432409386,14.1,25.779494892200457,-0.012577517780569153,-180.0,179.9,75.50820183200227,93.3810742000654
15,250,2226,460579,16.600089235505745,13.6,22.956570022719536,0.27830079096094257,-179.9,180.0,80.11133812006193,95.21319903860142
15,300,3265,868599,16.559669076294128,13.5,22.74689271430066,0.1431512124697357,-179.9,180.0,79.20294635384107,95.27284742441564
15,350,4214,1326371,16.682040017461183,13.6,22.857652472319913,-0.24897490973490818,-179.9,179.9,78.8423450150825,95.02145327363158
15,400,5588,2072767,16.251385322132197,13.4,21.8808613003227,-0.28228826491351905,-180.0,180.0,79.25541076252178,95.6712934931905
20,5,7311,34855,37.77731171998278,21.7,54.21170535635233,-6.434732463061255,-179.9,180.0,51.46177019079041,72.16468225505666
20,10,2759,25871,31.570055274245295,20.1,46.15662763348522,-1.982509373429709,-179.7,179.8,55.749681110123305,79.169726721039
20,25,3350,70425,25.425563365282212,17.2,38.775335053479594,-1.814751863684771,-180.0,179.9,65.77635782747603,85.94675186368477
20,50,1002,18932,25.82395943376294,17.1,39.042330725077036,-1.961430382421297,-179.9,179.9,62.7931544474963,86.03950982463554
20,100,3248,291567,19.426505400131013,14.5,28.012652524382105,-0.04374123271838033,-180.0,179.9,73.50214530450977,91.51309990499611
20,150,3360,440630,18.65604134988539,14.6,25.85096216679979,-0.7930574404829449,-179.9,180.0,74.06667725756303,92.80257812677303
20,200,5128,948469,18.25806715875796,14.2,25.706319578421073,-0.06975736687229628,-180.0,179.9,75.19307431239186,93.32018231486744
20,250,3146,696316,16.857422204861013,13.6,23.281024359494452,0.021546826440868815,-179.8,179.8,78.4823269894703,94.85793806260376
20,300,7643,2167797,17.405012139051763,13.9,23.93298804275604,-0.11928298636818851,-180.0,180.0,76.16114423998188,94.33507842293352
20,350,4686,1506863,17.751507137676086,13.9,24.68996137398187,0.26756214732195294,-179.9,180.0,75.81823961435113,93.7889509530727
20,400,5132,1906785,16.99471513568651,13.6,23.440610242159934,-0.10385643897974854,-180.0,180.0,77.90296231614995,94.67375713570225
25,5,1131,3344,35.7494019138756,19.55,54.048451033907895,-9.810406698564593,-179.9,178.7,59.838516746411486,78.88755980861244
25,10,1970,12880,31.18840062111801,19.5,46.48688425384774,-2.8314130434782614,-179.5,179.9,57.66304347826087,79.78260869565217
25,25,1068,10432,30.60289493865031,18.6,46.550319476674304,1.9108895705521474,-179.9,179.9,58.19593558282209,80.81863496932516
25,50,6052,270042,25.111483398878697,17.5,37.50663474910588,0.16033950274401765,-180.0,180.0,65.25836721695144,86.65318728197836
25,100,1303,99766,18.838361766533687,13.6,29.832623371271364,0.4417797646492791,-180.0,180.0,79.1231481667101,92.74502335464987
25,150,3273,427979,20.06185467043944,15.1,29.57016703369844,0.22978440530960625,-180.0,180.0,73.4038352349064,91.6820685127074
25,200,3012,529085,17.899179148908015,14.0,25.15182534468036,-0.6762331194420557,-180.0,180.0,76.24653883591483,93.6499806269314
25,250,9999,2412996,18.205606557159655,14.1,25.36840689333908,-0.22001039371801692,-180.0,180.0,74.06986998735182,93.31975684999063
25,300,6219,1752013,18.254203479083785,14.2,25.60246191933808,0.16954120774217998,-180.0,180.0,74.62655813626954,93.35176165930275
25,350,2824,876663,15.977540286290171,13.3,21.753451000804034,-0.250470705390783,-179.9,179.8,81.17167029976171,95.76222562147598
25,400,9997,3925885,17.820814364149744,14.1,24.581621485660566,-0.09706988360586208,-180.0,180.0,74.67860113070046,93.9486001245579
35,5,2029,9033,37.29123214878778,22.1,53.87169065789699,-10.194121554300896,-179.2,179.7,50.736189527288836,73.30897819107716
35,10,2528,22832,29.83573493342677,18.4,45.913643525090414,-1.1775797126839525,-179.9,180.0,62.55255781359496,82.15662228451296
35,25,4100,89647,29.903913125927243,19.5,43.6191291321948,-1.2388378863765659,-179.9,179.8,58.76270260019856,80.23023637154617
35,50,957,23405,27.674458449049347,18.5,41.160607434895745,-2.3309079256569105,-179.4,180.0,57.987609485152745,83.40525528733177
35,100,1215,94599,16.27212232687449,13.2,23.421263073371424,-0.40119768707914455,-179.7,180.0,81.587543208702,95.76951130561633
35,150,1406,155910,18.278357385671217,13.8,27.071260211218963,0.6250458597909049,-180.0,180.0,79.06227952023603,92.94849592713746
35,200,3053,537827,19.89113413792911,14.8,28.83490602307245,-0.18150966760686987,-180.0,179.9,72.77767758033717,91.42084722410738
35,250,2033,424165,17.212223780840006,13.6,24.401998681436858,-0.5563172350382519,-180.0,180.0,79.45610788254571,94.11337569106362
35,300,1347,314508,16.965220916479073,13.6,24.203732729461283,0.3281058033499941,-179.8,179.9,82.02939193915576,94.09363195848755
35,350,6568,2173823,18.337299724954622,14.2,25.838615338160352,-0.03843822611132556,-180.0,180.0,74.95867878847542,93.1404258764398
35,400,6974,2664225,17.884736499357224,14.0,24.896607416121025,0.0917256988430031,-180.0,180.0,75.19732755304075,93.82191819384624
